{
  "chest": {
    "rotation": [
      -0.054769093371660624,
      -0.11384799276665386,
      -0.08469745855812073,
      0.988364973816882
    ]
  },
  "head": {
    "rotation": [
      -0.1103832170459011,
      0.05011525612610431,
      -0.0029725110455119195,
      0.99262035576352
    ]
  },
  "hips": {
    "rotation": [
      0.018904668004764678,
      0.0008082635814905365,
      0.005876337196029586,
      0.9998036951815946
    ]
  },
  "leftEye": {
    "rotation": [
      -0.002433157190972382,
      -0.005120823011999577,
      -0.00001245996758880148,
      0.999983928252106
    ]
  },
  "leftFoot": {
    "rotation": [
      0,
      0,
      0,
      1
    ]
  },
  "leftHand": {
    "rotation": [
      -0.10402472219236286,
      0.054128095581131755,
      0.037647222872103606,
      0.9923868666259041
    ]
  },
  "leftIndexDistal": {
    "rotation": [
      0,
      0,
      0,
      1
    ]
  },
  "leftIndexIntermediate": {
    "rotation": [
      0.006604261374323398,
      -0.0172050679469973,
      -0.005950414830555114,
      0.9998124633809998
    ]
  },
  "leftIndexProximal": {
    "rotation": [
      0,
      0,
      0,
      1
    ]
  },
  "leftLittleDistal": {
    "rotation": [
      0,
      0,
      0.7071067811865475,
      0.7071067811865476
    ]
  },
  "leftLittleIntermediate": {
    "rotation": [
      0,
      0,
      0.7071067811865475,
      0.7071067811865476
    ]
  },
  "leftLittleProximal": {
    "rotation": [
      0,
      0,
      0.7071067811865475,
      0.7071067811865476
    ]
  },
  "leftLowerArm": {
    "rotation": [
      0.17163435135699417,
      -0.6248581531130781,
      -0.5875884509368566,
      0.4845964818774506
    ]
  },
  "leftLowerLeg": {
    "rotation": [
      0.00005763104885765779,
      0.011472063192806529,
      0.0006466671075070936,
      0.9999339829540821
    ]
  },
  "leftMiddleDistal": {
    "rotation": [
      0.0004962703894922458,
      -0.004015420332245336,
      0.011908245919535399,
      0.9999209087694767
    ]
  },
  "leftMiddleIntermediate": {
    "rotation": [
      0,
      0,
      -0.013104291528932836,
      0.9999141350853706
    ]
  },
  "leftMiddleProximal": {
    "rotation": [
      0,
      0.02348962113625663,
      0,
      0.9997240807837307
    ]
  },
  "leftRingDistal": {
    "rotation": [
      0,
      0,
      0.705825709142995,
      0.7083855364932208
    ]
  },
  "leftRingIntermediate": {
    "rotation": [
      0,
      0,
      0.698923973413637,
      0.7151959727149572
    ]
  },
  "leftRingProximal": {
    "rotation": [
      -0.004454579826244452,
      -0.009710492082919905,
      0.7045042222048147,
      0.7096193796378931
    ]
  },
  "leftShoulder": {
    "rotation": [
      0,
      0,
      0,
      1
    ]
  },
  "leftThumbDistal": {
    "rotation": [
      0.0031514327816482696,
      0.6422759253059886,
      0.022476322458409817,
      0.7661374022801031
    ]
  },
  "leftThumbIntermediate": {
    "rotation": [
      -0.07445602820589887,
      0.43073630441126437,
      0.08765048692692366,
      0.8951200634928268
    ]
  },
  "leftThumbProximal": {
    "rotation": [
      0,
      0.24637393365625657,
      0,
      0.9691748473906773
    ]
  },
  "leftToes": {
    "rotation": [
      0,
      0,
      0,
      1
    ]
  },
  "leftUpperArm": {
    "rotation": [
      0.31874988431227874,
      -0.20484092808004892,
      -0.027309132866304146,
      0.9250367109992468
    ]
  },
  "leftUpperLeg": {
    "rotation": [
      -0.027734943527548083,
      0.06158401597997261,
      -0.060319889646401975,
      0.995891406126365
    ]
  },
  "neck": {
    "rotation": [
      0.14029220302408776,
      0.03713400594043918,
      -0.03633791279058217,
      0.9887460338567673
    ]
  },
  "rightEye": {
    "rotation": [
      -0.002433117312483501,
      -0.0076811925541099375,
      -0.00001868984927682187,
      0.9999675389090287
    ]
  },
  "rightFoot": {
    "rotation": [
      0,
      0,
      0,
      1
    ]
  },
  "rightHand": {
    "rotation": [
      0.14619371585247973,
      0.1698804295069628,
      0.02096034255488605,
      0.9743350045830009
    ]
  },
  "rightIndexDistal": {
    "rotation": [
      0,
      0,
      -0.085265709059396,
      0.9963582482514
    ]
  },
  "rightIndexIntermediate": {
    "rotation": [
      0,
      0,
      -0.085265709059396,
      0.9963582482514
    ]
  },
  "rightIndexProximal": {
    "rotation": [
      0,
      0,
      -0.085265709059396,
      0.9963582482514
    ]
  },
  "rightLittleDistal": {
    "rotation": [
      0,
      0,
      -0.1107524991261911,
      0.993848018530652
    ]
  },
  "rightLittleIntermediate": {
    "rotation": [
      0,
      0,
      -0.1107524991261911,
      0.993848018530652
    ]
  },
  "rightLittleProximal": {
    "rotation": [
      0,
      0,
      -0.1107524991261911,
      0.993848018530652
    ]
  },
  "rightLowerArm": {
    "rotation": [
      0.5730310807362774,
      0.08374249749892498,
      0.0982066833083863,
      -0.8093071246297184
    ]
  },
  "rightLowerLeg": {
    "rotation": [
      0,
      0,
      0,
      1
    ]
  },
  "rightMiddleDistal": {
    "rotation": [
      0,
      0,
      -0.09376834586500245,
      0.9955940424257979
    ]
  },
  "rightMiddleIntermediate": {
    "rotation": [
      0,
      0,
      -0.09376834586500245,
      0.9955940424257979
    ]
  },
  "rightMiddleProximal": {
    "rotation": [
      0,
      0,
      -0.09376834586500245,
      0.9955940424257979
    ]
  },
  "rightRingDistal": {
    "rotation": [
      0,
      0,
      -0.1361666490962466,
      0.9906859460363308
    ]
  },
  "rightRingIntermediate": {
    "rotation": [
      0,
      0,
      -0.1361666490962466,
      0.9906859460363308
    ]
  },
  "rightRingProximal": {
    "rotation": [
      0,
      0,
      -0.1361666490962466,
      0.9906859460363308
    ]
  },
  "rightShoulder": {
    "rotation": [
      0.14534232109831277,
      -0.01216573174595491,
      0.05546883310888726,
      0.9877503800163171
    ]
  },
  "rightThumbDistal": {
    "rotation": [
      0,
      -0.3905564927583623,
      0,
      0.9205789623732922
    ]
  },
  "rightThumbIntermediate": {
    "rotation": [
      0,
      -0.2384229158770615,
      0,
      0.9711614248850083
    ]
  },
  "rightThumbProximal": {
    "rotation": [
      0.03122271198295591,
      -0.05496906317468901,
      -0.017120491222552256,
      0.9978529115708512
    ]
  },
  "rightToes": {
    "rotation": [
      0,
      0,
      0,
      1
    ]
  },
  "rightUpperArm": {
    "rotation": [
      0.26079927605103137,
      -0.18589287984954625,
      -0.6135711961203276,
      0.7217741766813015
    ]
  },
  "rightUpperLeg": {
    "rotation": [
      -0.005467912899674638,
      -0.08044043110619477,
      0.00950998964650558,
      0.9966990514036295
    ]
  },
  "spine": {
    "rotation": [
      0,
      0,
      0,
      1
    ]
  },
  "upperChest": {
    "rotation": [
      -0.06695484238474135,
      0.04890381821681828,
      0.06689150035882926,
      0.9943093044042158
    ]
  }
}